{"distance_irrelevancy":0.8251564164933258,"best_train_accuracy":1,"generalization_delay1":47.50479811243713,"_step":19999,"training_loss":1.521839957871971e-07,"logits":{"min":10.643722534179688,"max":21.198974609375,"25%":13.48195743560791,"75%":15.243681907653809,"90%":16.310483932495117,"_type":"numpy.ndarray","var":1.9641337013135354,"mean":14.442382618258376,"10%":12.779556274414062,"size":3481},"std_med_col":0.067993445485621,"validation_accuracy":1,"_wandb":{"runtime":1582},"generalization_delay2":47.523171197623014,"_timestamp":1.7330742262052398e+09,"validation_loss":4.729011242360802e-07,"generalization_gap":0,"best_test_accuracy":1,"med_std_row":0.1275549020915749,"parameter_norm":24.583101142460947,"mean_std_row":0.12898758171098137,"_runtime":1582.566605088,"logits_normalized":{"90%":0.5368665151666283,"_type":"numpy.ndarray","var":0.017629249684096047,"mean":0.35988340752235415,"min":0,"size":3481,"max":1,"10%":0.20234796147157422,"25%":0.26889314259941105,"75%":0.4357981543883692},"std_mean_col":0.07041653423182775,"training_accuracy":1}