{"logits":{"10%":19.53517723083496,"25%":20.48272705078125,"90%":22.584684371948242,"_type":"numpy.ndarray","var":1.3987836512946814,"mean":21.19090939910547,"max":24.663816452026367,"min":17.43153190612793,"75%":22.050321578979492,"size":3481},"training_accuracy":1,"med_std_row":0.15782722586212486,"generalization_delay1":37.155922735109925,"best_train_accuracy":1,"generalization_delay2":37.2209005150944,"parameter_norm":23.92825378844664,"_runtime":959.237309425,"distance_irrelevancy":0.497785702948747,"_step":19999,"validation_loss":4.246565752813569e-07,"best_test_accuracy":1,"std_med_col":0.1403456406022328,"generalization_gap":0,"training_loss":1.4262245274727623e-07,"std_mean_col":0.1409343785879062,"_timestamp":1.7330889036246111e+09,"validation_accuracy":1,"mean_std_row":0.15763461650203656,"logits_normalized":{"_type":"numpy.ndarray","var":0.026742348152127345,"max":1,"75%":0.638634949100691,"90%":0.7125207025687009,"mean":0.5198049757471933,"min":0,"10%":0.2908687167044675,"25%":0.42188538425022415,"size":3481},"_wandb":{"runtime":959}}