{"_step":19999,"std_med_col":0.13023233662218348,"med_std_row":0.15046319520811077,"distance_irrelevancy":0.4970708308210254,"generalization_delay1":53.364869739860296,"validation_loss":2.609197573312779e-07,"validation_accuracy":1,"mean_std_row":0.14984060780058228,"std_mean_col":0.1303075101108058,"generalization_gap":0,"_wandb":{"runtime":953},"training_accuracy":1,"parameter_norm":23.644709685840446,"_runtime":953.489525644,"generalization_delay2":53.40269708074629,"_timestamp":1.7330927969015386e+09,"logits_normalized":{"min":0,"75%":0.629546317792815,"90%":0.7166758965186386,"var":0.023042365720700383,"mean":0.5301072731267724,"10%":0.353092716857583,"25%":0.44527391838616737,"size":3481,"_type":"numpy.ndarray","max":1},"best_train_accuracy":1,"logits":{"size":3481,"min":13.689949035644531,"75%":17.265413284301758,"mean":16.70065619006509,"max":19.3693790435791,"10%":15.695314407348633,"25%":16.21885108947754,"90%":17.7602596282959,"_type":"numpy.ndarray","var":0.7432528254642287},"best_test_accuracy":1,"training_loss":1.367323170239099e-07}