{"generalization_gap":0,"_wandb":{"runtime":963},"mean_std_row":0.17073113725519984,"logits_normalized":{"max":1,"90%":0.6083651765345301,"_type":"numpy.ndarray","var":0.03212782527622571,"mean":0.34423750528106967,"min":0,"10%":0.14872837780938286,"25%":0.20381576744266647,"75%":0.4549125633148649,"size":3481},"training_accuracy":1,"validation_accuracy":1,"best_test_accuracy":1,"validation_loss":3.072394256307827e-07,"logits":{"size":3481,"max":32.09654235839844,"10%":17.948205947875977,"25%":18.863771438598633,"75%":23.037059783935547,"90%":25.587478637695312,"_type":"numpy.ndarray","var":8.874742735462892,"mean":21.197614050637508,"min":15.47630500793457},"_timestamp":1.7330918406120465e+09,"std_mean_col":0.0797592306496893,"distance_irrelevancy":0.8648174633803928,"_runtime":963.099318153,"generalization_delay2":51.4140440504998,"training_loss":1.402908472988775e-07,"best_train_accuracy":1,"_step":19999,"med_std_row":0.18638428373851545,"generalization_delay1":51.399490198120475,"std_med_col":0.0802801816558424,"parameter_norm":23.773185423877845}