{"training_loss":6.059104320268894e-07,"logits_normalized":{"min":0,"var":0.028914400362732243,"mean":0.5079494910681764,"10%":0.2692534780953992,"25%":0.39297403585926927,"75%":0.6290328463294993,"90%":0.7120528163058186,"size":3481,"_type":"numpy.ndarray","max":1},"distance_irrelevancy":0.3102274537820553,"_runtime":646.475562536,"_timestamp":1.733095618002683e+09,"_wandb":{"runtime":648},"distance_dependency":0.3102274537820553,"validation_accuracy":1,"med_std_row":0.16694081362035718,"_step":19999,"std_med_col":0.16145978890325768,"logits":{"mean":11.142456369747961,"max":12.917970657348633,"75%":11.579373359680176,"90%":11.878942489624023,"size":3481,"_type":"numpy.ndarray","var":0.37648108578910106,"min":9.309572219848633,"10%":10.281146049499512,"25%":10.727579116821289},"std_mean_col":0.16152476387972178,"mean_std_row":0.166213008048513,"validation_loss":7.840279862847926e-07,"parameter_norm":32.82145844374711}