{"logits_normalized":{"75%":0.48664319080496,"var":0.027553969995162353,"min":0,"10%":0.18983299524426733,"25%":0.26669480690092834,"size":3481,"_type":"numpy.ndarray","mean":0.38699033530156407,"max":1,"90%":0.623100959337763},"training_accuracy":1,"std_med_col":0.09041894315865097,"parameter_norm":24.0341227517855,"generalization_gap":0,"_wandb":{"runtime":1516},"generalization_delay1":46.55063113570213,"std_mean_col":0.08800298065236314,"generalization_delay2":46.558380890637636,"distance_irrelevancy":0.8301827576888061,"best_test_accuracy":1,"mean_std_row":0.16039919235305122,"logits":{"min":12.816585540771484,"25%":19.99540901184082,"size":3481,"_type":"numpy.ndarray","var":19.96464586099324,"mean":23.23349367041452,"max":39.73433303833008,"10%":17.926462173461914,"75%":25.915924072265625,"90%":29.589059829711914},"validation_accuracy":1,"med_std_row":0.1619857405714013,"validation_loss":1.5041495872626256e-05,"training_loss":1.4996621077443622e-07,"_timestamp":1.7330694811927075e+09,"_step":19999,"_runtime":1515.522874802,"best_train_accuracy":1}