{"std_mean_col":0.15044374734125257,"std_med_col":0.15049089354923081,"_runtime":623.321219836,"logits_normalized":{"_type":"numpy.ndarray","var":0.026916248459740295,"min":0,"max":1,"75%":0.6666512974461054,"size":3481,"mean":0.5556106547799439,"10%":0.34685031808412975,"25%":0.4386782783575335,"90%":0.7663683667374043},"_step":19999,"distance_dependency":0.3973095915094975,"validation_accuracy":1,"parameter_norm":32.81569640076733,"med_std_row":0.16090473308916284,"_wandb":{"runtime":624},"_timestamp":1.732576008518129e+09,"logits":{"max":11.949671745300293,"10%":9.828678131103516,"25%":10.126873970031738,"75%":10.867177963256836,"size":3481,"var":0.28383621781366186,"mean":10.506592173303758,"min":8.702340126037598,"_type":"numpy.ndarray","90%":11.19099235534668},"mean_std_row":0.16046349818153646,"validation_loss":8.163750383382926e-07,"distance_irrelevancy":0.3973095915094975,"training_loss":5.975709810608199e-07}