{"validation_accuracy":1,"best_test_accuracy":1,"_step":19999,"_runtime":1260.524891478,"std_mean_col":0.09751167388553646,"std_med_col":0.09838433779024508,"_timestamp":1.7320370346443024e+09,"med_std_row":0.13382518573301053,"best_train_accuracy":1,"logits":{"min":106.3721694946289,"max":150.53269958496094,"25%":120.81639099121094,"75%":132.5355987548828,"size":3481,"mean":126.64343520780639,"var":65.92852935535113,"10%":115.76143646240234,"90%":137.07626342773438,"_type":"numpy.ndarray"},"mean_std_row":0.1369775836455131,"_wandb":{"runtime":1261},"validation_loss":3.71438978732636e-07,"generalization_delay1":57.820794485509396,"training_accuracy":1,"parameter_norm":24.9079066215072,"training_loss":2.6178640292521185e-07,"generalization_gap":0,"logits_normalized":{"_type":"numpy.ndarray","mean":0.4590358329420376,"10%":0.2126167178828546,"25%":0.3270844228326932,"75%":0.5924618478703861,"90%":0.6952836360953795,"size":3481,"var":0.03380685978777368,"min":0,"max":1},"distance_irrelevancy":0.844686069925826,"generalization_delay2":57.820794485509396}