{"parameter_norm":33.84664781480278,"training_loss":6.561301219367567e-07,"_step":19999,"logits_normalized":{"mean":0.4449500520037548,"min":0,"size":3481,"75%":0.559128186883365,"90%":0.6640437362258973,"_type":"numpy.ndarray","var":0.02824365477508103,"max":1,"10%":0.23651331951800006,"25%":0.3249585740196614},"_timestamp":1.7330949456818964e+09,"_wandb":{"runtime":662},"validation_loss":1.2767522300590762e-06,"std_med_col":0.10480624157029023,"mean_std_row":0.1205365850293562,"validation_accuracy":1,"_runtime":659.604696366,"logits":{"90%":14.128410339355469,"size":3481,"var":1.256239569486951,"mean":12.667223857757998,"min":9.699748992919922,"max":16.368980407714844,"75%":13.428704261779785,"_type":"numpy.ndarray","10%":11.277111053466797,"25%":11.866972923278809},"med_std_row":0.11898307448227408,"distance_dependency":0.78274441963426,"std_mean_col":0.1026803494845868,"distance_irrelevancy":0.78274441963426}