{"_step":19999,"validation_accuracy":1,"_runtime":657.761942329,"std_med_col":0.1665073734069982,"_wandb":{"runtime":660},"mean_std_row":0.17359688695353626,"training_loss":5.96702202995466e-07,"_timestamp":1.7330976244254348e+09,"distance_dependency":0.3048465590343673,"distance_irrelevancy":0.3048465590343673,"med_std_row":0.1734912569744186,"std_mean_col":0.16690025891053645,"parameter_norm":32.869633181258436,"logits":{"10%":9.475526809692383,"25%":9.851102828979492,"75%":10.77155876159668,"_type":"numpy.ndarray","mean":10.348920032026712,"min":8.442975044250488,"max":12.123517990112305,"var":0.4168627658957939,"90%":11.223224639892578,"size":3481},"logits_normalized":{"mean":0.5178434312033107,"min":0,"max":1,"25%":0.38258697302043954,"75%":0.6326739700087761,"size":3481,"_type":"numpy.ndarray","var":0.030772963843291354,"10%":0.2805433276095404,"90%":0.7553911573747665},"validation_loss":8.33619300674573e-07}