{"distance_dependency":0.322936802270618,"_step":19999,"_timestamp":1.7325768102694497e+09,"logits":{"10%":13.097426414489746,"size":3481,"var":0.6251376609510279,"mean":14.209639969244664,"min":11.55128288269043,"max":15.901182174682617,"25%":13.671684265136719,"75%":14.808812141418457,"90%":15.166238784790039,"_type":"numpy.ndarray"},"med_std_row":0.17672358913426797,"distance_irrelevancy":0.322936802270618,"mean_std_row":0.17658023197470982,"parameter_norm":32.274778104155246,"_wandb":{"runtime":675},"training_loss":5.913637394177927e-07,"validation_loss":7.705127550652832e-07,"logits_normalized":{"_type":"numpy.ndarray","var":0.033038267005575384,"min":0,"max":1,"10%":0.35544352363413134,"75%":0.7488746382530913,"size":3481,"mean":0.6111307200716242,"25%":0.487459878979216,"90%":0.8310435850214856},"std_mean_col":0.17190855334565996,"_runtime":674.706087613,"validation_accuracy":1,"std_med_col":0.17234985485062537}