{"validation_loss":0.0015057120001486244,"training_loss":1.6710463904916132e-07,"validation_accuracy":1,"best_test_accuracy":1,"std_mean_col":0.14962912158430114,"_runtime":953.869309162,"mean_std_row":0.15911111416281495,"_timestamp":1.733086127590991e+09,"generalization_gap":0,"best_train_accuracy":1,"distance_irrelevancy":0.5027059253204584,"generalization_delay2":37.392755795270205,"training_accuracy":1,"med_std_row":0.1450948601197394,"parameter_norm":24.396503809303567,"logits_normalized":{"_type":"numpy.ndarray","var":0.03415331194368261,"10%":0.13079580166346136,"75%":0.4818778749534088,"90%":0.6592667069932179,"mean":0.3992631260033912,"min":0,"max":1,"25%":0.3049525895005552,"size":3481},"generalization_delay1":37.38185161165893,"_wandb":{"runtime":954},"logits":{"_type":"numpy.ndarray","var":318.3540022284201,"mean":56.69940795120375,"max":114.69874572753906,"25%":47.59400939941406,"90%":81.80197143554688,"size":3481,"min":18.15175437927246,"10%":30.779695510864258,"75%":64.67561340332031},"_step":19999,"std_med_col":0.13437862705055686}