{"generalization_delay1":245.41298297047615,"generalization_delay2":245.41298297047615,"parameter_norm":53.04698445652244,"validation_loss":2.085795252660399e-05,"mean_std_row":0.1334428128662411,"std_mean_col":0.02867861198794128,"distance_irrelevancy":0.9693392542923986,"validation_accuracy":1,"std_med_col":0.02975242154603825,"_step":19999,"logits":{"_type":"numpy.ndarray","var":0.498437709715794,"mean":11.452428651725858,"10%":10.562743186950684,"25%":10.957067489624023,"min":9.226568222045898,"max":14.212812423706055,"75%":11.9307279586792,"90%":12.363615036010742,"size":3481},"_runtime":844.716311353,"training_loss":6.018041419503938e-06,"_wandb":{"runtime":845},"med_std_row":0.13254596481893538,"logits_normalized":{"_type":"numpy.ndarray","mean":0.4464002041734872,"min":0,"25%":0.3470546562885869,"75%":0.5423239671520618,"90%":0.6291402280137769,"size":3481,"var":0.02004766530672602,"max":1,"10%":0.2679722273650194},"training_accuracy":1,"_timestamp":1.7330066858932564e+09,"best_test_accuracy":1,"generalization_gap":0,"best_train_accuracy":1}