{"_runtime":976.795355731,"_wandb":{"runtime":976},"generalization_delay2":54.033768413588405,"validation_loss":2.0227579694083823e-07,"mean_std_row":0.2067183837003495,"training_accuracy":1,"validation_accuracy":1,"parameter_norm":23.153281411920084,"std_med_col":0.2030884163315352,"logits":{"_type":"numpy.ndarray","var":2.1295601020689574,"min":28.494125366210938,"max":35.50465393066406,"10%":30.129758834838867,"75%":33.12877655029297,"90%":34.036842346191406,"mean":32.14444684612446,"25%":30.985118865966797,"size":3481},"best_train_accuracy":1,"generalization_gap":0,"best_test_accuracy":1,"_step":19999,"training_loss":1.3174099511124173e-07,"_timestamp":1.7330898834947155e+09,"distance_irrelevancy":0.21041050651121274,"logits_normalized":{"var":0.04332996868897162,"mean":0.5206913353755486,"max":1,"10%":0.23331100552409226,"25%":0.355321781639467,"size":3481,"_type":"numpy.ndarray","min":0,"75%":0.6610986805733912,"90%":0.7906275438466662},"med_std_row":0.206687825913373,"generalization_delay1":54.033768413588405,"std_mean_col":0.2034493017829569}