{"distance_irrelevancy":0.4199515397866172,"validation_loss":8.244326237220128e-07,"_runtime":674.30704443,"parameter_norm":33.1128928317093,"std_mean_col":0.14396081572336739,"distance_dependency":0.4199515397866172,"training_loss":6.062046852016907e-07,"mean_std_row":0.15240965558664735,"validation_accuracy":1,"_timestamp":1.733096283255278e+09,"logits_normalized":{"25%":0.49917745207127684,"90%":0.7934443728670986,"size":3481,"var":0.02531856956043993,"mean":0.5972078695752391,"min":0,"10%":0.41417497644158846,"_type":"numpy.ndarray","max":1,"75%":0.7086561856136634},"_wandb":{"runtime":676},"med_std_row":0.1522056687738118,"std_med_col":0.1456198112482842,"logits":{"var":0.32496296716406703,"mean":10.681212450984702,"max":12.124252319335938,"10%":10.025480270385742,"75%":11.080486297607422,"_type":"numpy.ndarray","min":8.54166030883789,"25%":10.330009460449219,"90%":11.384247779846191,"size":3481},"_step":19999}