{"validation_loss":2.0847835092129764e-07,"std_med_col":0.19775175391733646,"logits_normalized":{"_type":"numpy.ndarray","10%":0.20216347334575147,"75%":0.6849160139596802,"size":3481,"25%":0.404621971508852,"90%":0.7494977966022712,"var":0.041299815008280234,"mean":0.5187698100998407,"min":0,"max":1},"med_std_row":0.20283835925363816,"_wandb":{"runtime":978},"logits":{"min":23.343368530273438,"max":29.40111541748047,"90%":27.883636474609375,"_type":"numpy.ndarray","var":1.51555029202181,"25%":25.794466018676758,"75%":27.492416381835938,"size":3481,"mean":26.48594473258273,"10%":24.568023681640625},"parameter_norm":22.684340303750666,"generalization_gap":0,"best_train_accuracy":1,"std_mean_col":0.19891883463108428,"generalization_delay2":50.67683280818164,"validation_accuracy":1,"best_test_accuracy":1,"distance_irrelevancy":0.20257061269721616,"mean_std_row":0.20271214215042876,"_runtime":978.477494573,"generalization_delay1":50.67296205274761,"training_accuracy":1,"_step":19999,"_timestamp":1.7330889048674023e+09,"training_loss":1.260919386973908e-07}