{"distance_dependency":0.3526212698278418,"training_loss":6.184246685391285e-07,"_step":19999,"_wandb":{"runtime":665},"distance_irrelevancy":0.3526212698278418,"med_std_row":0.15116321276172,"validation_accuracy":1,"_timestamp":1.7330969614736958e+09,"_runtime":662.789294353,"std_med_col":0.14716708794615754,"logits":{"_type":"numpy.ndarray","var":0.8340288110032928,"min":10.63189697265625,"25%":13.874505996704102,"75%":14.958098411560059,"90%":15.478368759155273,"mean":14.357271327331333,"max":16.375,"10%":13.200984954833984,"size":3481},"validation_loss":8.513079361944267e-07,"parameter_norm":33.02653867528763,"std_mean_col":0.14854401868778996,"mean_std_row":0.1536179681289456,"logits_normalized":{"size":3481,"var":0.025286448621122077,"mean":0.6486692537010101,"min":0,"max":1,"10%":0.4473344757957384,"25%":0.5646092380041448,"_type":"numpy.ndarray","75%":0.753286406025825,"90%":0.843876866464743}}