{"training_accuracy":1,"std_med_col":0.13134545208472231,"mean_std_row":0.17200545873293652,"best_train_accuracy":1,"validation_accuracy":1,"_timestamp":1.733069559324846e+09,"logits":{"var":1.7215909393725075,"max":25.344867706298828,"75%":21.98737335205078,"90%":22.873294830322266,"_type":"numpy.ndarray","mean":21.097785393556826,"min":17.835241317749023,"10%":19.385051727294922,"25%":20.151203155517578,"size":3481},"generalization_gap":0,"logits_normalized":{"25%":0.30839907579154463,"mean":0.4344482544141371,"max":1,"min":0,"10%":0.20637649988938858,"75%":0.5529079370223613,"90%":0.6708793822626039,"size":3481,"_type":"numpy.ndarray","var":0.030527645259283094},"_runtime":1530.567980988,"training_loss":1.3910210787832217e-07,"_step":19999,"best_test_accuracy":1,"std_mean_col":0.13420150118797608,"validation_loss":3.8404609374914724e-07,"distance_irrelevancy":0.6178574767169003,"generalization_delay2":36.2948013227433,"generalization_delay1":36.29269974865019,"_wandb":{"runtime":1531},"parameter_norm":23.76029582950696,"med_std_row":0.16882315869353984}