{"generalization_delay2":46.799055229872465,"generalization_delay1":46.799055229872465,"mean_std_row":0.16133938416729657,"_runtime":988.281683533,"med_std_row":0.1545045689756763,"_step":19999,"generalization_gap":0,"logits_normalized":{"mean":0.6011493939731228,"90%":0.8069411211758674,"_type":"numpy.ndarray","var":0.028343499573617002,"10%":0.3687489318065288,"25%":0.5160076803110579,"75%":0.7220768885660571,"size":3481,"min":0,"max":1},"best_test_accuracy":1,"parameter_norm":23.797984275524527,"validation_accuracy":1,"_wandb":{"runtime":988},"best_train_accuracy":1,"_timestamp":1.7330908746519432e+09,"std_med_col":0.14885671042509566,"logits":{"_type":"numpy.ndarray","10%":21.8038387298584,"var":1.4458850941756647,"mean":23.46372044877532,"min":19.17011070251465,"max":26.31244468688965,"25%":22.855609893798828,"75%":24.327425003051758,"90%":24.93355369567871,"size":3481},"training_loss":1.4058969991004183e-07,"distance_irrelevancy":0.43717494217592096,"training_accuracy":1,"validation_loss":2.065502305477497e-07,"std_mean_col":0.15010785495982037}