{"C": 59,
"model_type": "A",
"n_vocab": 59,
"d_model": 256,
"d_hidden": 256,
"epoch": 20000,
"lr": 0.001,
"weight_decay": 2.0,
"frac": 0.8,
"runid": "alpha_4",
"save_embeddings": true,
"func": null,
"dist_irr": 0.4190338807468831,
"grad_sym": 0.9999999982118607,
"circ": 0.9944991190841028}