{"C": 59,
"model_type": "A",
"n_vocab": 59,
"d_model": 256,
"d_hidden": 256,
"epoch": 20000,
"lr": 0.001,
"weight_decay": 2.0,
"frac": 0.8,
"runid": "alpha_2",
"save_embeddings": true,
"func": null,
"dist_irr": 0.3877789545450461,
"grad_sym": 1.0000000047683715,
"circ": 0.734504216259808}