{"C": 59,
"model_type": "A",
"n_vocab": 59,
"d_model": 256,
"d_hidden": 256,
"epoch": 20000,
"lr": 0.001,
"weight_decay": 2.0,
"frac": 0.8,
"runid": "alpha_1",
"save_embeddings": true,
"func": null,
"dist_irr": 0.4369271383269925,
"grad_sym": 1.000000011920929,
"circ": 0.9858282981898419}