{"validation_loss":1.3088710413735597e-05,"validation_accuracy":1,"std_med_col":0.04366290813725074,"logits_normalized":{"mean":0.4613012674833643,"min":0,"max":1,"75%":0.560134539759298,"90%":0.6576238429645153,"size":3481,"var":0.02284915213794686,"10%":0.2669127673738321,"25%":0.3583944173181729,"_type":"numpy.ndarray"},"med_std_row":0.1439810878890025,"std_mean_col":0.042954161512089625,"mean_std_row":0.14459016213894882,"_runtime":617.470034944,"parameter_norm":52.87736117478497,"distance_irrelevancy":0.9546085365283664,"distance_dependency":0.9546085365283664,"_timestamp":1.7326590291890056e+09,"_wandb":{"runtime":618},"logits":{"_type":"numpy.ndarray","min":7.143598556518555,"max":9.215118408203125,"10%":7.696513652801514,"90%":8.505879402160645,"size":3481,"var":0.09805015589087085,"mean":8.099193289717597,"25%":7.886019706726074,"75%":8.30392837524414},"_step":19999,"training_loss":5.971796640397573e-06}