{"generalization_delay1":37.26987799163908,"_timestamp":1.7330899005166187e+09,"logits_normalized":{"90%":0.7775182797248136,"size":3481,"mean":0.5222798797618764,"75%":0.6665605302020675,"min":0,"max":1,"10%":0.2333777569667063,"25%":0.3714843496740266,"_type":"numpy.ndarray","var":0.040653902425370085},"validation_loss":2.1122758084480321e-07,"med_std_row":0.2008959641694412,"std_med_col":0.19372446848469338,"std_mean_col":0.1939083750920988,"mean_std_row":0.20075273752601552,"generalization_delay2":37.280852261930704,"validation_accuracy":1,"generalization_gap":0,"best_test_accuracy":1,"_wandb":{"runtime":992},"logits":{"mean":18.058321423792215,"max":19.95560073852539,"10%":16.910938262939453,"75%":18.631336212158203,"90%":19.07200813293457,"_type":"numpy.ndarray","var":0.6412357369706881,"size":3481,"min":15.984071731567383,"25%":17.45943260192871},"training_accuracy":1,"best_train_accuracy":1,"training_loss":1.3734795611340542e-07,"distance_irrelevancy":0.27208740782243607,"_step":19999,"parameter_norm":23.81217462555298,"_runtime":992.761834384}