{"std_mean_col":0.10166017299697377,"training_loss":1.3473647108206954e-07,"_wandb":{"runtime":1600},"generalization_delay2":41.127678299322724,"generalization_gap":0,"mean_std_row":0.11513745944933756,"parameter_norm":23.15184771223782,"best_train_accuracy":1,"training_accuracy":1,"std_med_col":0.10175062511774839,"med_std_row":0.11505336945788346,"validation_loss":2.6509939593526814e-07,"_timestamp":1.7330743166701446e+09,"_runtime":1599.79986599,"validation_accuracy":1,"best_test_accuracy":1,"distance_irrelevancy":0.7600385465539661,"generalization_delay1":41.122736141085625,"_step":19999,"logits":{"_type":"numpy.ndarray","min":22.781017303466797,"25%":31.95214080810547,"90%":37.705406188964844,"size":3481,"var":8.743900018459026,"mean":33.96120419128295,"max":41.50541687011719,"10%":30.14806365966797,"75%":36.10369873046875},"logits_normalized":{"90%":0.7970556723260458,"25%":0.48979533212766696,"var":0.02493959420933062,"mean":0.5970918772599222,"min":0,"max":1,"10%":0.39344633348470376,"75%":0.7115144803217446,"size":3481,"_type":"numpy.ndarray"}}