{"generalization_delay1":57.356154376640916,"_runtime":974.432053567,"training_accuracy":1,"med_std_row":0.15287008802373225,"best_test_accuracy":1,"parameter_norm":24.477316273197207,"generalization_gap":0,"std_mean_col":0.1507767546949905,"mean_std_row":0.16409410360536109,"std_med_col":0.14503813741279137,"_timestamp":1.7330841869216168e+09,"_step":19999,"training_loss":1.490982257289198e-07,"best_train_accuracy":1,"logits_normalized":{"var":0.029845985866293938,"mean":0.3498830294175483,"max":1,"size":3481,"_type":"numpy.ndarray","min":0,"10%":0.1413798191241549,"25%":0.21958036544248397,"75%":0.4412995661020495,"90%":0.5755153498987053},"generalization_delay2":57.356154376640916,"validation_loss":7.191774525312335e-07,"logits":{"75%":18.801616668701172,"90%":20.891456604003906,"_type":"numpy.ndarray","var":7.2361038830857725,"mean":17.37819295722635,"min":11.930253028869629,"max":27.500999450683594,"10%":14.13164234161377,"25%":15.349283218383789,"size":3481},"distance_irrelevancy":0.43964489748569036,"validation_accuracy":1,"_wandb":{"runtime":974}}