{"_wandb":{"runtime":1578},"parameter_norm":23.480764005834967,"generalization_delay2":53.28879323974252,"generalization_gap":0,"_runtime":1577.578306979,"_step":19999,"logits_normalized":{"var":0.04108790024733589,"min":0,"max":1,"90%":0.7986435300506058,"size":3481,"_type":"numpy.ndarray","mean":0.5563496148989953,"10%":0.24803173768777043,"25%":0.4217106237466962,"75%":0.711341206827312},"best_test_accuracy":1,"validation_loss":2.3298719600847463e-07,"_timestamp":1.733072640391218e+09,"training_accuracy":1,"mean_std_row":0.14649639128164985,"training_loss":1.3450056537817885e-07,"med_std_row":0.15203972118273096,"validation_accuracy":1,"generalization_delay1":53.28879323974252,"std_med_col":0.1406765156108512,"std_mean_col":0.12943155139376822,"logits":{"mean":25.607282364036255,"max":30.681201934814453,"10%":22.081127166748047,"75%":27.3798828125,"90%":28.378337860107422,"size":3481,"_type":"numpy.ndarray","var":5.3742687393062925,"min":19.244449615478516,"25%":24.06744956970215},"distance_irrelevancy":0.7287413549571291,"best_train_accuracy":1}