{"parameter_norm":32.06935288251576,"std_mean_col":0.14562130658118844,"med_std_row":0.15144263928663354,"logits":{"75%":12.852045059204102,"90%":13.178657531738281,"min":10.619573593139648,"max":14.008994102478027,"25%":12.049602508544922,"10%":11.760841369628906,"size":3481,"_type":"numpy.ndarray","var":0.2946956524380209,"mean":12.429608959536619},"distance_irrelevancy":0.4138260573239251,"_step":19999,"std_med_col":0.14567436886667678,"validation_loss":7.411777837114563e-07,"_runtime":658.524213178,"validation_accuracy":1,"logits_normalized":{"var":0.025652094006625156,"max":1,"10%":0.33671471962386734,"25%":0.42190955989831364,"size":3481,"_type":"numpy.ndarray","mean":0.5340250232775907,"min":0,"75%":0.6586587470966344,"90%":0.7550210814940076},"_wandb":{"runtime":661},"training_loss":5.822683380960211e-07,"mean_std_row":0.15270502454386964,"_timestamp":1.7330949660666924e+09,"distance_dependency":0.4138260573239251}