{"best_test_accuracy":1,"logits_normalized":{"10%":0.26268346191792363,"25%":0.43927304042919507,"90%":0.8298757570818777,"var":0.04233671193578979,"min":0,"max":1,"75%":0.7201763228630176,"size":3481,"_type":"numpy.ndarray","mean":0.5636775431962597},"best_train_accuracy":1,"std_med_col":0.20257428448313466,"parameter_norm":23.08880279288056,"med_std_row":0.20669536903656716,"distance_irrelevancy":0.1589296539301765,"generalization_delay2":31.968822420574725,"training_accuracy":1,"_runtime":986.128102526,"mean_std_row":0.20521942237849652,"std_mean_col":0.20309867905753512,"logits":{"var":3.081496564891091,"max":35.888153076171875,"10%":29.597782135009766,"_type":"numpy.ndarray","mean":32.16569472687986,"min":27.356714248657227,"25%":31.104345321655273,"75%":33.5008544921875,"90%":34.43674850463867,"size":3481},"generalization_gap":0,"training_loss":1.3135004207962606e-07,"_wandb":{"runtime":986},"generalization_delay1":31.968822420574725,"validation_accuracy":1,"validation_loss":1.898255465162143e-07,"_step":19999,"_timestamp":1.733083194330593e+09}