{"C": 59,
"model_type": "C",
"n_vocab": 59,
"d_model": 256,
"d_hidden": 256,
"epoch": 20000,
"lr": 0.001,
"weight_decay": 2.0,
"frac": 0.8,
"runid": "gama_4",
"save_embeddings": true,
"func": null,
"dist_irr": 0.27711733898552793,
"grad_sym": 1.0000000017881394,
"circ": 0.9639034221204601}