{"C": 59,
"model_type": "C",
"n_vocab": 59,
"d_model": 256,
"d_hidden": 256,
"epoch": 20000,
"lr": 0.001,
"weight_decay": 2.0,
"frac": 0.8,
"runid": "gama_2",
"save_embeddings": true,
"func": null,
"dist_irr": 0.27737565439130357,
"grad_sym": 1.0000000071525574,
"circ": 0.9990058549134797}