{"C": 59,
"model_type": "C",
"n_vocab": 59,
"d_model": 256,
"d_hidden": 256,
"epoch": 20000,
"lr": 0.001,
"weight_decay": 2.0,
"frac": 0.8,
"runid": "gama_1",
"save_embeddings": true,
"func": null,
"dist_irr": 0.2894697026889261,
"grad_sym": 1.0000000113248826,
"circ": 0.9318995405492738}