{"C": 59,
"model_type": "C",
"n_vocab": 59,
"d_model": 256,
"d_hidden": 256,
"epoch": 20000,
"lr": 0.001,
"weight_decay": 2.0,
"frac": 0.8,
"runid": "gama_3",
"save_embeddings": true,
"func": null,
"dist_irr": 0.2701751031020735,
"grad_sym": 1.0000000029802323,
"circ": 0.9843405436420358}