{"_step":19999,"validation_loss":2.0128786723817724e-07,"med_std_row":0.21634656685323742,"parameter_norm":23.707528453861272,"best_test_accuracy":1,"generalization_delay1":36.444087320007384,"training_accuracy":1,"std_mean_col":0.21409484775942356,"training_loss":1.360674409391935e-07,"generalization_delay2":36.483012868091464,"best_train_accuracy":1,"generalization_gap":0,"validation_accuracy":1,"std_med_col":0.21332398200861635,"mean_std_row":0.21738462778098117,"_timestamp":1.733086142393879e+09,"logits":{"10%":16.240509033203125,"90%":19.60036277770996,"size":3481,"mean":18.355324830655494,"min":14.775032043457031,"max":20.554044723510742,"25%":17.71537208557129,"75%":19.25587272644043,"_type":"numpy.ndarray","var":1.5851903865405546},"_wandb":{"runtime":964},"distance_irrelevancy":0.18386431711508763,"logits_normalized":{"90%":0.8349749345433315,"size":3481,"var":0.04746507102989434,"max":1,"25%":0.5087962606939512,"75%":0.7753643971831107,"_type":"numpy.ndarray","mean":0.6195336444849587,"min":0,"10%":0.25358604849651817},"_runtime":963.965284706}