{"generalization_gap":0,"best_test_accuracy":1,"logits":{"var":0.8599316265168563,"10%":17.618982315063477,"25%":18.404996871948242,"75%":19.60978889465332,"size":3481,"_type":"numpy.ndarray","mean":18.951800670475837,"min":15.958828926086426,"max":21.26634407043457,"90%":20.02511215209961},"_wandb":{"runtime":1044},"validation_accuracy":1,"generalization_delay1":52.9071236718446,"_step":19999,"training_accuracy":1,"med_std_row":0.17305849239808688,"parameter_norm":23.521376453962933,"mean_std_row":0.1717926907336179,"distance_irrelevancy":0.3850847537964343,"logits_normalized":{"size":3481,"var":0.03052681098245914,"mean":0.5639120497991535,"min":0,"max":1,"10%":0.3127929631524295,"25%":0.4608876054676333,"75%":0.6878849837017839,"90%":0.7661369050153872,"_type":"numpy.ndarray"},"_runtime":1044.504630564,"training_loss":1.3618124425170373e-07,"_timestamp":1.7330104879781458e+09,"generalization_delay2":52.9071236718446,"std_med_col":0.16078805298885995,"validation_loss":2.9463194020094754e-07,"std_mean_col":0.1607274062949777,"best_train_accuracy":1}