{"parameter_norm":53.5089004189899,"distance_dependency":0.424417742265526,"logits":{"mean":6.803951400684509,"min":4.777248382568359,"10%":6.041454315185547,"25%":6.448690891265869,"90%":7.533005714416504,"size":3481,"var":0.41862202140156624,"max":9.122760772705078,"75%":7.153660774230957,"_type":"numpy.ndarray"},"validation_loss":8.197016501692197e-06,"_step":19999,"_wandb":{"runtime":618},"med_std_row":0.14663859703613247,"_runtime":617.20288059,"mean_std_row":0.14738045974973937,"validation_accuracy":1,"_timestamp":1.7326597901718507e+09,"logits_normalized":{"var":0.02216869280598621,"25%":0.3846364613966554,"90%":0.6341616556204187,"size":3481,"_type":"numpy.ndarray","mean":0.4663898836685599,"min":0,"max":1,"10%":0.2909221788175394,"75%":0.546865864899267},"std_med_col":0.13505689450568498,"training_loss":3.6950093031645304e-06,"std_mean_col":0.1345625902793043,"distance_irrelevancy":0.424417742265526}