{"generalization_gap":0,"_step":19999,"training_accuracy":1,"generalization_delay1":40.94003752619028,"std_med_col":0.20720347813000262,"std_mean_col":0.20716226981143798,"generalization_delay2":41.02828054316342,"_wandb":{"runtime":1337},"mean_std_row":0.20875216610386818,"med_std_row":0.20882851423221938,"_timestamp":1.7320357662285676e+09,"validation_accuracy":1,"best_train_accuracy":1,"logits_normalized":{"90%":0.8414554333673969,"size":3481,"var":0.043938991421261404,"max":1,"10%":0.2924517575544127,"25%":0.46133810130601594,"75%":0.7566125809587064,"_type":"numpy.ndarray","mean":0.5845954004742211,"min":0},"parameter_norm":24.058474108761324,"training_loss":1.4480523502075036e-07,"validation_loss":1.947372559168693e-07,"best_test_accuracy":1,"logits":{"_type":"numpy.ndarray","var":5.321117672079863,"min":35.947574615478516,"10%":39.1659049987793,"mean":42.38084468715529,"max":46.95222854614258,"25%":41.02444076538086,"75%":44.273834228515625,"90%":45.20750045776367,"size":3481},"_runtime":1333.50620768,"distance_irrelevancy":0.1517504516469931}