{"training_loss":3.9877941585093586,"best_train_accuracy":0.038074713200330734,"best_test_accuracy":0.02725968509912491,"_timestamp":1.7320398703501358e+09,"generalization_delay2":0,"generalization_gap":0.010815028101205826,"generalization_delay1":-0.012113201897591352,"_step":32,"_wandb":{"runtime":5},"parameter_norm":58.033590690305736,"validation_loss":4.50646590750907,"_runtime":4.714433703,"validation_accuracy":0,"training_accuracy":0.03771551698446274}