{"med_std_row":0.07250285237932773,"generalization_delay1":44.458055693656206,"parameter_norm":19.511221039367204,"validation_accuracy":1,"best_test_accuracy":1,"_wandb":{"runtime":1784},"generalization_gap":0,"distance_irrelevancy":0.9762058126732903,"training_accuracy":1,"mean_std_row":0.07340098850734904,"training_loss":0.01425128851454302,"logits":{"mean":17.49566653568626,"min":10.117871284484863,"max":24.208498001098633,"90%":20.621980667114258,"size":3481,"_type":"numpy.ndarray","10%":14.223302841186523,"25%":15.722498893737793,"75%":19.307580947875977,"var":6.108659179056328},"std_mean_col":0.035846089277964656,"std_med_col":0.039794379806700815,"_step":19999,"validation_loss":0.016676017179688772,"_timestamp":1.7320388200768573e+09,"generalization_delay2":44.47081357613206,"best_train_accuracy":1,"logits_normalized":{"mean":0.5235959620236406,"10%":0.2913590459295248,"25%":0.3977557366305579,"size":3481,"_type":"numpy.ndarray","min":0,"max":1,"75%":0.6521860133130803,"90%":0.7454678627065157,"var":0.030767008774582112},"_runtime":1781.709327939}