{"std_med_col":0.20706591090268422,"_timestamp":1.733090896367251e+09,"validation_loss":2.028403300902949e-07,"distance_irrelevancy":0.17858786335638857,"std_mean_col":0.20723551465597448,"generalization_delay1":43.52016690373421,"_wandb":{"runtime":993},"_step":19999,"best_test_accuracy":1,"med_std_row":0.20867359154623505,"generalization_delay2":43.52332957647741,"training_loss":1.3828587611349805e-07,"mean_std_row":0.20878258328646024,"best_train_accuracy":1,"generalization_gap":0,"logits_normalized":{"_type":"numpy.ndarray","10%":0.2562176236414154,"75%":0.7627335386608393,"90%":0.8470599741229624,"size":3481,"var":0.044399512222579096,"mean":0.5897490726870266,"min":0,"max":1,"25%":0.4799218879014428},"_runtime":993.020678425,"validation_accuracy":1,"parameter_norm":23.609515160282747,"training_accuracy":1,"logits":{"_type":"numpy.ndarray","var":6.283712573664719,"min":38.14723205566406,"max":50.04372787475586,"25%":43.85662078857422,"90%":48.22427749633789,"mean":45.163179433198536,"10%":41.1953239440918,"75%":47.22108840942383,"size":3481}}