{"mean_std_row":0.14164310362481747,"validation_accuracy":1,"validation_loss":4.056833487885899e-07,"_timestamp":1.7330851708335698e+09,"training_loss":1.4052449028998612e-07,"training_accuracy":1,"_wandb":{"runtime":981},"_runtime":981.058803536,"med_std_row":0.1412860698337806,"logits":{"var":9.256560790886343,"mean":24.779563255605943,"10%":21.018325805664062,"25%":22.871368408203125,"75%":26.692907333374023,"size":3481,"_type":"numpy.ndarray","min":15.901482582092285,"max":36.40970230102539,"90%":28.59788703918457},"best_train_accuracy":1,"best_test_accuracy":1,"std_med_col":0.11063299531583434,"std_mean_col":0.11169498441391941,"generalization_delay2":65.6636547781527,"generalization_gap":0,"distance_irrelevancy":0.6395065063903236,"logits_normalized":{"10%":0.2495020676440251,"25%":0.33985816036856037,"75%":0.5261999773348994,"90%":0.6190885718554603,"_type":"numpy.ndarray","mean":0.4329035282042277,"min":0,"max":1,"size":3481,"var":0.022008666738026896},"generalization_delay1":65.6636547781527,"_step":19999,"parameter_norm":23.649901080670503}