{"std_mean_col":0.19453931265893495,"generalization_gap":0,"mean_std_row":0.19907900186648553,"_step":12908,"_wandb":{"runtime":1036},"validation_loss":2.1156537891565257e-07,"_timestamp":1.7320398595211136e+09,"logits":{"_type":"numpy.ndarray","max":22.605960845947266,"10%":17.66059684753418,"90%":20.549610137939453,"size":3481,"var":1.2467699201158067,"mean":19.153511654471092,"min":17.025123596191406,"25%":18.26884651184082,"75%":19.931039810180664},"generalization_delay1":58.264956595376134,"training_loss":1.485448713981862e-07,"distance_irrelevancy":0.23198590491880805,"parameter_norm":24.46280255778539,"best_train_accuracy":1,"training_accuracy":1,"validation_accuracy":1,"generalization_delay2":58.264956595376134,"_runtime":1033.642339083,"std_med_col":0.19530099653258098,"best_test_accuracy":1,"logits_normalized":{"max":1,"75%":0.5206953874378581,"_type":"numpy.ndarray","var":0.04003018530470749,"min":0,"90%":0.6315336541846351,"size":3481,"mean":0.38137432844378205,"10%":0.11386701007462151,"25%":0.22285597303591362},"med_std_row":0.19803405966016513}