{"validation_accuracy":1,"best_train_accuracy":1,"parameter_norm":23.903095357721355,"std_mean_col":0.14098401299597088,"mean_std_row":0.15712660745620138,"_wandb":{"runtime":965},"distance_irrelevancy":0.48769687539325945,"generalization_delay1":45.342177206650376,"training_accuracy":1,"validation_loss":2.888211436643508e-07,"_step":19999,"logits":{"10%":27.984771728515625,"25%":29.126731872558594,"90%":32.66644287109375,"size":3481,"mean":30.36714874427574,"var":3.192392963049905,"min":25.060850143432617,"max":36.05878448486328,"75%":31.762855529785156,"_type":"numpy.ndarray"},"_timestamp":1.7330832095491612e+09,"logits_normalized":{"size":3481,"_type":"numpy.ndarray","var":0.026393324641072972,"mean":0.48248138569563914,"min":0,"25%":0.36969503571313983,"75%":0.6093876521071055,"max":1,"10%":0.2658609784628565,"90%":0.6915473844038026},"generalization_gap":0,"_runtime":964.766298226,"med_std_row":0.1584543785950282,"best_test_accuracy":1,"training_loss":1.413383040277304e-07,"std_med_col":0.141179087587008,"generalization_delay2":45.342177206650376}