{"mean_std_row":0.19261794496022477,"std_mean_col":0.18700218408173028,"generalization_delay2":51.57768874615431,"best_train_accuracy":1,"distance_irrelevancy":0.25391447508258924,"_timestamp":1.7330819287344592e+09,"logits_normalized":{"mean":0.465272270126982,"10%":0.19567643871806756,"25%":0.32950700402552296,"var":0.037414094950582774,"min":0,"max":1,"75%":0.6062664099714958,"90%":0.7132639164289227,"size":3481,"_type":"numpy.ndarray"},"med_std_row":0.19342685200338855,"generalization_gap":0,"_step":19999,"_runtime":976.070594307,"best_test_accuracy":1,"std_med_col":0.18666877763842749,"validation_loss":2.1823684276867084e-07,"logits":{"_type":"numpy.ndarray","var":0.7794242425584017,"min":15.929313659667969,"max":20.493562698364258,"25%":17.433265686035156,"75%":18.69646453857422,"90%":19.18482780456543,"size":3481,"mean":18.052932171327086,"10%":16.822429656982422},"_wandb":{"runtime":977},"generalization_delay1":51.57768874615431,"validation_accuracy":1,"training_loss":1.39342364539456e-07,"parameter_norm":23.88759622767009,"training_accuracy":1}