{"_timestamp":1.7330962936015844e+09,"distance_dependency":0.3910299763337123,"std_mean_col":0.15111826922037563,"validation_loss":7.811732242048255e-07,"_wandb":{"runtime":672},"std_med_col":0.15002313666954534,"med_std_row":0.15819798814355807,"parameter_norm":32.64973291774186,"training_loss":5.985945018028512e-07,"_step":19999,"mean_std_row":0.15686207280777348,"distance_irrelevancy":0.3910299763337123,"validation_accuracy":1,"logits":{"var":0.34210695949013026,"mean":14.643898959544773,"10%":13.911989212036133,"90%":15.311836242675781,"75%":15.062828063964844,"size":3481,"_type":"numpy.ndarray","min":12.463659286499023,"max":16.021705627441406,"25%":14.30459213256836},"logits_normalized":{"_type":"numpy.ndarray","mean":0.6127631469994547,"max":1,"90%":0.800488999652093,"75%":0.7305044758853269,"size":3481,"var":0.0270233202998195,"min":0,"10%":0.4070576340929571,"25%":0.5173999070461087},"_runtime":670.561507813}