{"training_accuracy":1,"generalization_delay2":51.201235791668296,"_timestamp":1.733087111291073e+09,"generalization_gap":0,"_runtime":966.128548424,"mean_std_row":0.14513839131057205,"med_std_row":0.14583467409201673,"best_train_accuracy":1,"validation_accuracy":1,"distance_irrelevancy":0.6965269227272907,"validation_loss":2.6421593517185767e-05,"logits_normalized":{"75%":0.5652520465352129,"90%":0.6473242845088406,"size":3481,"mean":0.47153596962572947,"min":0,"max":1,"10%":0.2848378398884398,"25%":0.38613242492883065,"_type":"numpy.ndarray","var":0.02170985165971901},"parameter_norm":24.78098566128267,"best_test_accuracy":1,"generalization_delay1":51.1962874494493,"std_mean_col":0.10318739087477916,"logits":{"_type":"numpy.ndarray","var":2.9157661788663023,"min":10.118663787841797,"10%":13.41966438293457,"25%":14.593572616577148,"75%":16.66939926147461,"mean":15.583318754161647,"max":21.70771598815918,"90%":17.62053871154785,"size":3481},"_wandb":{"runtime":966},"_step":19999,"training_loss":1.5532816915004967e-07,"std_med_col":0.10339972883000241}