{"generalization_gap":0,"logits":{"max":71.60516357421875,"75%":44.86017608642578,"90%":55.1251106262207,"_type":"numpy.ndarray","var":120.19768764498693,"mean":39.157892743872004,"min":19.84117317199707,"10%":25.207962036132812,"25%":30.03738021850586,"size":3481},"_step":19999,"std_mean_col":0.2098951198862923,"generalization_delay1":76.54505601152778,"training_loss":1.5204375037662333e-07,"med_std_row":0.2112621011619451,"best_test_accuracy":1,"_wandb":{"runtime":1574},"training_accuracy":1,"parameter_norm":24.24454291704912,"distance_irrelevancy":0.12791970500319233,"mean_std_row":0.21131828373821035,"std_med_col":0.2100896074427777,"_timestamp":1.7330711370374587e+09,"_runtime":1574.597614365,"validation_loss":1.7417758388039482e-06,"logits_normalized":{"mean":0.3731690586791755,"max":1,"10%":0.10367803607168204,"90%":0.6816309403517173,"_type":"numpy.ndarray","var":0.04485807335610327,"min":0,"25%":0.19697490412314067,"75%":0.48332832766607786,"size":3481},"generalization_delay2":76.54749617353082,"validation_accuracy":1,"best_train_accuracy":1}