{"std_mean_col":0.18786873063813037,"training_loss":6.078578914487098e-07,"distance_irrelevancy":0.3046774805117914,"mean_std_row":0.19482987557337242,"std_med_col":0.18807059669831494,"validation_accuracy":1,"logits":{"_type":"numpy.ndarray","mean":8.457798587423191,"max":9.867485046386719,"10%":7.643752574920654,"25%":8.07047176361084,"var":0.344215329041571,"min":6.894460201263428,"75%":8.864892959594727,"90%":9.263665199279785,"size":3481},"med_std_row":0.19424912872840433,"_timestamp":1.7330956038887966e+09,"_step":19999,"parameter_norm":33.45234340198315,"distance_dependency":0.3046774805117914,"_runtime":652.785264337,"validation_loss":9.004188657428552e-07,"_wandb":{"runtime":655},"logits_normalized":{"10%":0.25203031010195054,"25%":0.39556062381262846,"75%":0.6627703638479299,"90%":0.7969005041793072,"size":3481,"_type":"numpy.ndarray","min":0,"max":1,"var":0.03894333404200114,"mean":0.5258410096115198}}