{"training_loss":1.3811887889781178e-07,"_runtime":1573.06829493,"best_test_accuracy":1,"generalization_delay2":47.56288082525134,"validation_loss":2.895530364241393e-07,"std_mean_col":0.16108900705515578,"parameter_norm":23.811542257932782,"logits_normalized":{"_type":"numpy.ndarray","var":0.03213636685507411,"mean":0.49169976445129854,"min":0,"75%":0.6192039140419354,"90%":0.6958395222140995,"max":1,"10%":0.2181685734877389,"25%":0.3788140080957018,"size":3481},"med_std_row":0.17829344237196296,"training_accuracy":1,"_wandb":{"runtime":1573},"mean_std_row":0.17736771615351976,"best_train_accuracy":1,"distance_irrelevancy":0.4281241526626108,"_step":19999,"logits":{"max":27.61918067932129,"90%":25.373348236083984,"_type":"numpy.ndarray","min":20.235471725463867,"10%":21.846364974975586,"25%":23.03252410888672,"75%":24.807493209838867,"size":3481,"var":1.7520476593949714,"mean":23.866039678852506},"generalization_gap":0,"validation_accuracy":1,"generalization_delay1":47.56288082525134,"_timestamp":1.733072713056404e+09,"std_med_col":0.16140100842655536}