{"_wandb":{"runtime":993},"logits_normalized":{"25%":0.4081098351399402,"75%":0.6761481416622862,"size":3481,"10%":0.21796737462626192,"var":0.03663695609071055,"mean":0.5181495450195772,"min":0,"max":1,"90%":0.7365828367900701,"_type":"numpy.ndarray"},"logits":{"mean":26.49655765159758,"min":23.200714111328125,"max":29.56151008605957,"25%":25.79661750793457,"90%":27.885967254638672,"size":3481,"_type":"numpy.ndarray","var":1.4823211841002422,"10%":24.587160110473633,"75%":27.501554489135742},"mean_std_row":0.19086453953747468,"best_test_accuracy":1,"std_med_col":0.18735390358883272,"validation_loss":1.9372079119570503e-07,"training_loss":1.252766946249306e-07,"generalization_delay1":50.28520100750029,"generalization_delay2":50.28520100750029,"generalization_gap":0,"med_std_row":0.19156036725828107,"distance_irrelevancy":0.20879758189668912,"training_accuracy":1,"_runtime":993.562860307,"std_mean_col":0.18712904649594347,"parameter_norm":22.693316805979663,"validation_accuracy":1,"_step":19999,"best_train_accuracy":1,"_timestamp":1.733084190820142e+09}