{"std_mean_col":0.1049452296001942,"training_accuracy":1,"validation_accuracy":1,"med_std_row":0.1297116470519887,"_step":19999,"logits":{"min":9.425519943237305,"10%":10.954195022583008,"75%":12.42430305480957,"90%":13.117981910705566,"size":3481,"_type":"numpy.ndarray","var":0.7842028890594467,"mean":11.947247995038513,"max":15.399104118347168,"25%":11.374061584472656},"best_train_accuracy":1,"best_test_accuracy":1,"_runtime":1624.083525195,"distance_irrelevancy":0.6671215785944857,"training_loss":1.381485141060699e-07,"generalization_delay2":62.37570671737194,"generalization_delay1":62.37570671737194,"generalization_gap":0,"logits_normalized":{"size":3481,"var":0.021976496706012812,"max":1,"10%":0.2559058405362788,"25%":0.3261930499538855,"75%":0.5020073416002568,"90%":0.6181317378691414,"_type":"numpy.ndarray","mean":0.4221465669318756,"min":0},"_wandb":{"runtime":1624},"mean_std_row":0.1388838643643605,"_timestamp":1.733075853353944e+09,"std_med_col":0.10501340115994978,"validation_loss":3.1918994748266167e-07,"parameter_norm":24.039108234317613}