{"generalization_gap":0,"training_accuracy":1,"generalization_delay2":55.33313132636249,"_step":19999,"best_train_accuracy":1,"med_std_row":0.1793293888853407,"generalization_delay1":55.33313132636249,"training_loss":1.3598777907582833e-07,"_runtime":985.819912936,"mean_std_row":0.1780809695244986,"_timestamp":1.7325705338219664e+09,"logits":{"25%":15.15726375579834,"size":3481,"max":17.3906192779541,"var":0.3850068500984295,"mean":15.623439275406792,"min":13.929024696350098,"10%":14.78505802154541,"75%":16.06808853149414,"90%":16.408985137939453,"_type":"numpy.ndarray"},"parameter_norm":23.67652465537933,"_wandb":{"runtime":986},"validation_accuracy":1,"std_med_col":0.16577715928494724,"std_mean_col":0.16732218847355118,"distance_irrelevancy":0.3546317543777856,"validation_loss":2.152092019121428e-07,"best_test_accuracy":1,"logits_normalized":{"mean":0.4894896092284586,"min":0,"max":1,"10%":0.24729450691439755,"25%":0.35481886468608675,"75%":0.6179417562390747,"_type":"numpy.ndarray","var":0.03213039405063874,"90%":0.7164214015034114,"size":3481}}