{"generalization_delay1":306.59399565681815,"_runtime":829.164541217,"best_train_accuracy":1,"std_mean_col":0.04189842783895757,"_step":19999,"training_loss":7.480178349295437e-06,"logits_normalized":{"90%":0.7055689905855501,"size":3481,"_type":"numpy.ndarray","mean":0.5209671498658327,"min":0,"25%":0.4234955403767642,"var":0.020949024232130516,"max":1,"10%":0.3357682075684209,"75%":0.6156173380768608},"generalization_delay2":306.6843464523554,"validation_loss":4.241378202029044e-05,"distance_irrelevancy":0.9525675147013641,"parameter_norm":54.76421224178953,"logits":{"_type":"numpy.ndarray","var":0.5497433489609489,"mean":12.264664339560333,"25%":11.765347480773926,"size":3481,"min":9.595911026000977,"max":14.71860122680664,"10%":11.315947532653809,"75%":12.749527931213379,"90%":13.210322380065918},"mean_std_row":0.140975751643774,"generalization_gap":0,"training_accuracy":1,"best_test_accuracy":1,"validation_accuracy":1,"_timestamp":1.7330080975245368e+09,"_wandb":{"runtime":829},"std_med_col":0.04166646831292923,"med_std_row":0.14012785906013078}