{"generalization_delay2":57.394688691943884,"best_train_accuracy":1,"parameter_norm":24.4559687664075,"generalization_delay1":57.394688691943884,"best_test_accuracy":1,"validation_accuracy":1,"std_mean_col":0.09349501863034053,"_runtime":963.92729946,"logits":{"_type":"numpy.ndarray","mean":14.389684572743123,"min":10.727300643920898,"10%":12.830645561218262,"75%":15.153865814208984,"var":1.547152695072391,"max":19.26179313659668,"25%":13.494819641113281,"90%":16.006380081176758,"size":3481},"std_med_col":0.09163785936100373,"_wandb":{"runtime":964},"validation_loss":8.295261669724523e-07,"generalization_gap":0,"_timestamp":1.7330870943633773e+09,"med_std_row":0.13165425251875518,"logits_normalized":{"max":1,"10%":0.24645225467155002,"25%":0.3242745833530747,"90%":0.6185580972490531,"size":3481,"_type":"numpy.ndarray","var":0.021241137818261063,"mean":0.42912732443847684,"min":0,"75%":0.5186676506056946},"_step":19999,"distance_irrelevancy":0.7529158232545997,"training_accuracy":1,"mean_std_row":0.13551163349564013,"training_loss":1.4992882223435775e-07}