{"med_std_row":0.16424092575836421,"parameter_norm":32.78121833145168,"_step":19999,"logits_normalized":{"_type":"numpy.ndarray","min":0,"max":1,"25%":0.3384151689778877,"var":0.028030604005861607,"mean":0.4562239307505746,"10%":0.2510355542106325,"75%":0.5587919594067136,"90%":0.686291213851538,"size":3481},"logits":{"25%":9.87411880493164,"size":3481,"_type":"numpy.ndarray","var":0.3393210943137076,"min":8.696678161621094,"75%":10.640871047973633,"90%":11.084476470947266,"mean":10.284008304472115,"max":12.175956726074219,"10%":9.570100784301758},"_timestamp":1.7330975979089532e+09,"std_mean_col":0.15641367742584528,"distance_irrelevancy":0.3543363699231728,"_runtime":647.520430535,"validation_loss":8.843658360578712e-07,"distance_dependency":0.3543363699231728,"mean_std_row":0.16385723504240396,"_wandb":{"runtime":649},"std_med_col":0.15381845314705844,"validation_accuracy":1,"training_loss":5.904228644101377e-07}