{"mean_std_row":0.1489717839994751,"distance_irrelevancy":0.5789554470577365,"_wandb":{"runtime":659},"logits":{"min":9.698991775512695,"10%":10.40680980682373,"25%":10.654804229736328,"size":3481,"_type":"numpy.ndarray","var":0.16486511007270369,"mean":10.952567137784227,"max":12.209853172302246,"75%":11.243090629577637,"90%":11.481725692749023},"validation_loss":9.23287410292312e-07,"med_std_row":0.14912247966739006,"training_loss":6.016284415502538e-07,"logits_normalized":{"size":3481,"min":0,"max":1,"10%":0.2819024706883736,"25%":0.3806711335981182,"90%":0.7100088915763234,"_type":"numpy.ndarray","var":0.02615069753047507,"mean":0.4992610758500583,"75%":0.6149677780060916},"std_mean_col":0.13128811194465442,"std_med_col":0.13387161124226005,"_timestamp":1.7330969452112656e+09,"validation_accuracy":1,"distance_dependency":0.5789554470577365,"_runtime":656.868774598,"parameter_norm":32.88507080661528,"_step":19999}