{"_timestamp":1.7325729607269642e+09,"distance_irrelevancy":0.5870610488522977,"med_std_row":0.1630620519320292,"_wandb":{"runtime":613},"validation_accuracy":1,"std_med_col":0.13558547188129705,"distance_dependency":0.5870610488522977,"_step":19999,"logits":{"max":8.376688003540039,"25%":6.305924415588379,"75%":7.009040355682373,"90%":7.310050010681152,"size":3481,"_type":"numpy.ndarray","mean":6.679059294646104,"min":5.500041961669922,"var":0.23393184115393195,"10%":6.057219505310059},"parameter_norm":47.7887966665595,"_runtime":611.951382188,"validation_loss":9.278157159690235e-06,"std_mean_col":0.13547883217432632,"training_loss":3.5573629864058514e-06,"logits_normalized":{"size":3481,"_type":"numpy.ndarray","var":0.0282693930686031,"10%":0.19368999019354977,"25%":0.2801465464254859,"90%":0.6292077727555727,"mean":0.40985832661209104,"min":0,"max":1,"75%":0.524568672005071},"mean_std_row":0.16565389217778817}