{"validation_loss":4.007542947036989e-06,"_wandb":{"runtime":936},"best_test_accuracy":1,"_runtime":935.197509227,"generalization_gap":0,"_step":19563,"best_train_accuracy":1,"mean_std_row":0.17792794113644955,"logits":{"max":47.01181411743164,"25%":21.61260986328125,"min":13.142593383789062,"var":37.17989537971193,"mean":26.394233938675782,"10%":17.93360137939453,"75%":30.836933135986328,"90%":34.512229919433594,"size":3481,"_type":"numpy.ndarray"},"validation_accuracy":1,"generalization_delay1":49.71294737234712,"generalization_delay2":49.71294737234712,"_timestamp":1.7311823356487997e+09,"std_med_col":0.17058247252404143,"parameter_norm":24.72679137749981,"logits_normalized":{"size":3481,"_type":"numpy.ndarray","min":0,"10%":0.14145610356031962,"25%":0.2500800519180192,"75%":0.5224312626307736,"90%":0.6309456217992607,"var":0.03241139729780445,"mean":0.39125909211497606,"max":1},"distance_irrelevancy":0.29046724963275217,"med_std_row":0.17787694609236565,"std_mean_col":0.17173218606715224,"training_accuracy":1,"training_loss":1.616359208211671e-07}