{"validation_loss":7.286097596995796e-07,"med_std_row":0.16571276261102788,"training_loss":1.4309499719203527e-07,"parameter_norm":23.864439633977394,"mean_std_row":0.16573223417696945,"_step":19999,"best_test_accuracy":1,"training_accuracy":1,"generalization_delay1":50.1828141938895,"validation_accuracy":1,"generalization_delay2":50.199201134964824,"_wandb":{"runtime":1575},"distance_irrelevancy":0.7452978711327758,"logits":{"25%":17.541749954223633,"75%":20.895912170410156,"90%":22.251361846923828,"_type":"numpy.ndarray","var":5.131280960245043,"min":13.217667579650879,"max":25.805788040161133,"10%":16.406108856201172,"size":3481,"mean":19.193868649687378},"_timestamp":1.7330710598680794e+09,"std_med_col":0.1174352929584712,"generalization_gap":0,"best_train_accuracy":1,"_runtime":1575.608812292,"std_mean_col":0.11132818061830024,"logits_normalized":{"75%":0.6099595737780256,"size":3481,"_type":"numpy.ndarray","min":0,"max":1,"10%":0.2532897017114381,"25%":0.34350500443157334,"90%":0.7176364649204169,"var":0.03238202579962544,"mean":0.4747492756193611}}