{"med_std_row":0.12197289339041106,"parameter_norm":24.395443909289074,"logits_normalized":{"var":0.02143288942740136,"min":0,"25%":0.3165625812379134,"75%":0.5082743764989209,"90%":0.5970761334226764,"size":3481,"_type":"numpy.ndarray","mean":0.414903133158816,"max":1,"10%":0.23081370651319696},"_step":19999,"_timestamp":1.7330928485432508e+09,"std_med_col":0.07803186365501237,"generalization_delay1":68.28569388948381,"std_mean_col":0.07635896379120984,"distance_irrelevancy":0.8364787159531593,"logits":{"_type":"numpy.ndarray","var":5.425531190506602,"min":9.869643211364746,"10%":13.54197883605957,"25%":14.90627670288086,"75%":17.956485748291016,"mean":16.470913039374302,"max":25.780031204223633,"90%":19.369356155395508,"size":3481},"mean_std_row":0.12345956298943216,"_wandb":{"runtime":971},"training_loss":1.5301172485470114e-07,"generalization_delay2":68.28569388948381,"_runtime":971.6943762,"best_test_accuracy":1,"generalization_gap":0,"validation_loss":5.076103731368466e-06,"training_accuracy":1,"validation_accuracy":1,"best_train_accuracy":1}