{"validation_loss":2.1979985883446495e-07,"logits":{"var":0.6435253799604969,"max":18.710966110229492,"10%":15.882123947143555,"25%":16.425289154052734,"75%":17.60346794128418,"90%":17.926671981811523,"size":3481,"_type":"numpy.ndarray","mean":17.003245963546195,"min":14.346424102783203},"_wandb":{"runtime":974},"generalization_delay2":49.218129036948085,"mean_std_row":0.18286479139903777,"std_mean_col":0.17601148267812522,"validation_accuracy":1,"generalization_gap":0,"best_train_accuracy":1,"logits_normalized":{"min":0,"25%":0.47630771973847574,"size":3481,"mean":0.6087286721562591,"var":0.033782230752163266,"max":1,"10%":0.3518581884972842,"75%":0.7462510002067058,"90%":0.820303223779289,"_type":"numpy.ndarray"},"training_loss":1.388387167797448e-07,"_timestamp":1.7330918738279812e+09,"parameter_norm":23.823570229192818,"best_test_accuracy":1,"med_std_row":0.18342793648153097,"generalization_delay1":49.218129036948085,"distance_irrelevancy":0.2861576149567268,"_step":19999,"training_accuracy":1,"_runtime":974.509125883,"std_med_col":0.17485818670842107}