{"generalization_delay1":257.56578532233834,"validation_loss":2.8487007574482007e-05,"generalization_gap":0,"_runtime":804.87205965,"_timestamp":1.7325714363238904e+09,"mean_std_row":0.13626027409014987,"distance_irrelevancy":0.9407880068354051,"std_mean_col":0.04639300938073212,"std_med_col":0.051246285491370995,"_step":19999,"logits_normalized":{"_type":"numpy.ndarray","mean":0.40118522565522896,"75%":0.49632626574479655,"90%":0.5854576347170054,"size":3481,"var":0.02054632549015253,"min":0,"max":1,"10%":0.22322520802140958,"25%":0.29849211568207124},"best_train_accuracy":1,"training_accuracy":1,"training_loss":6.085587638296071e-06,"generalization_delay2":257.5685599409044,"best_test_accuracy":1,"validation_accuracy":1,"med_std_row":0.13378605660149367,"logits":{"size":3481,"max":10.69080638885498,"25%":7.989715099334717,"90%":9.094649314880371,"min":6.840398788452148,"10%":7.699906826019287,"75%":8.751457214355469,"_type":"numpy.ndarray","var":0.3046123981085212,"mean":8.385125430484367},"_wandb":{"runtime":805},"parameter_norm":53.40540536376645}