{"_runtime":982.006332019,"_timestamp":1.733085175614273e+09,"med_std_row":0.1252756359136314,"best_test_accuracy":1,"std_med_col":0.11114625045410935,"distance_irrelevancy":0.6030357773858878,"training_accuracy":1,"parameter_norm":24.121089611284773,"training_loss":1.4091332009942556e-07,"validation_loss":2.9593466110057325e-07,"generalization_delay1":50.580917309969664,"_step":19999,"best_train_accuracy":1,"std_mean_col":0.11193915787333221,"generalization_delay2":50.580917309969664,"_wandb":{"runtime":982},"validation_accuracy":1,"logits_normalized":{"_type":"numpy.ndarray","var":0.02141306860425136,"mean":0.4341850114069818,"size":3481,"min":0,"max":1,"10%":0.24954852379664985,"25%":0.33170515652718163,"75%":0.5270267705366699,"90%":0.6022513165837706},"generalization_gap":0,"mean_std_row":0.1393909384146253,"logits":{"75%":15.277057647705078,"size":3481,"_type":"numpy.ndarray","var":1.4539894456119167,"25%":13.667555809020996,"10%":12.99056339263916,"90%":15.896927833557129,"mean":14.512016959383514,"min":10.93421745300293,"max":19.174482345581055}}