{"C": 59,
"model_type": "D",
"n_vocab": 59,
"d_model": 256,
"d_hidden": 256,
"epoch": 20000,
"lr": 0.001,
"weight_decay": 2.0,
"frac": 0.8,
"runid": "delta_0",
"save_embeddings": true,
"func": null,
"dist_irr": 0.9205912540690719,
"grad_sym": -0.00015845376066863536,
"circ": 0.9869375779027392}