{"C": 59,
"model_type": "D",
"n_vocab": 59,
"d_model": 256,
"d_hidden": 256,
"epoch": 20000,
"lr": 0.001,
"weight_decay": 2.0,
"frac": 0.8,
"runid": "delta_4",
"save_embeddings": true,
"func": null,
"dist_irr": 0.9558561631734293,
"grad_sym": 0.024689851970179005,
"circ": 0.9745249019669144}