{"C": 59,
"model_type": "B",
"n_vocab": 59,
"d_model": 256,
"d_hidden": 256,
"epoch": 20000,
"lr": 0.001,
"weight_decay": 2.0,
"frac": 0.8,
"runid": "beta_3",
"save_embeddings": true,
"func": null,
"dist_irr": 0.3357569529024712,
"grad_sym": 1.0000000220537186,
"circ": 0.799503785343471}