{"C": 59,
"model_type": "B",
"n_vocab": 59,
"d_model": 256,
"d_hidden": 256,
"epoch": 20000,
"lr": 0.001,
"weight_decay": 2.0,
"frac": 0.8,
"runid": "beta_2",
"save_embeddings": true,
"func": null,
"dist_irr": 0.2596571302340544,
"grad_sym": 1.00000002682209,
"circ": 0.9991404059096785}