{"C": 59,
"model_type": "B",
"n_vocab": 59,
"d_model": 256,
"d_hidden": 256,
"epoch": 20000,
"lr": 0.001,
"weight_decay": 2.0,
"frac": 0.8,
"runid": "beta_4",
"save_embeddings": true,
"func": null,
"dist_irr": 0.311575308567004,
"grad_sym": 0.9999999922513961,
"circ": 0.9916246709099302}