{"_step":19999,"training_loss":1.4030349493129925e-07,"best_train_accuracy":1,"_wandb":{"runtime":1596},"generalization_delay1":50.33065275102854,"logits":{"75%":17.69140625,"size":3481,"var":0.6743839628846392,"mean":17.154284856950234,"max":19.380489349365234,"25%":16.6109619140625,"_type":"numpy.ndarray","min":14.749959945678711,"10%":16.04253387451172,"90%":18.14527702331543},"_timestamp":1.733075915543826e+09,"logits_normalized":{"min":0,"max":1,"75%":0.6352289442281702,"var":0.03145183158214801,"mean":0.51923326722801,"25%":0.4018983157524454,"90%":0.7332459815358456,"size":3481,"_type":"numpy.ndarray","10%":0.2791417171012769},"best_test_accuracy":1,"mean_std_row":0.1748305384007441,"std_med_col":0.16834916630053867,"generalization_delay2":50.38849198259413,"generalization_gap":0,"_runtime":1595.802305256,"parameter_norm":23.868550626112597,"std_mean_col":0.16806454274106886,"distance_irrelevancy":0.31682962258170366,"med_std_row":0.17460799975789507,"training_accuracy":1,"validation_accuracy":1,"validation_loss":2.551711702861845e-07}