{"med_std_row":0.0405192315414573,"std_mean_col":0.03483758133807074,"training_accuracy":1,"parameter_norm":36.82430345908543,"validation_accuracy":1,"distance_irrelevancy":0.9888598135500064,"_step":19999,"validation_loss":0.0007583213931066447,"_wandb":{"runtime":854},"generalization_delay2":119.64267194457352,"training_loss":0.0005388837221902016,"best_test_accuracy":1,"generalization_delay1":119.64267194457352,"best_train_accuracy":1,"generalization_gap":0,"std_med_col":0.03490346522382956,"logits":{"25%":37.088497161865234,"90%":78.01716613769531,"max":93.42240142822266,"var":273.95963735755714,"mean":51.48014425142371,"min":24.91451072692871,"10%":33.01204299926758,"75%":63.211936950683594,"size":3481,"_type":"numpy.ndarray"},"_runtime":854.084821825,"logits_normalized":{"75%":0.5590221189371919,"var":0.058372109744857,"min":0,"10%":0.11819853435052445,"25%":0.1777019597350789,"size":3481,"_type":"numpy.ndarray","mean":0.3877747986772163,"max":1,"90%":0.775131957314278},"mean_std_row":0.04243081185470361,"_timestamp":1.732987624577621e+09}